migrate-persistence-to-async, Sender,"QoS=0, Cores=4" , 98534
migrate-persistence-to-async, Sender,"QoS=0, Cores=4" , 99957
migrate-persistence-to-async, Sender,"QoS=0, Cores=4" , 88582
migrate-persistence-to-async, Sender,"QoS=0, Cores=4" , 101414
migrate-persistence-to-async, Sender,"QoS=0, Cores=4" , 86856
migrate-persistence-to-async, Sender,"QoS=0, Cores=4" , 99934
migrate-persistence-to-async, Sender,"QoS=0, Cores=4" , 93408
migrate-persistence-to-async, Sender,"QoS=0, Cores=4" , 89890
migrate-persistence-to-async, Sender,"QoS=0, Cores=4" , 109732
migrate-persistence-to-async, Sender,"QoS=0, Cores=4" , 82295
migrate-persistence-to-async, Receiver,"QoS=0, Cores=4" , 102454
migrate-persistence-to-async, Receiver,"QoS=0, Cores=4" , 97864
migrate-persistence-to-async, Receiver,"QoS=0, Cores=4" , 96960
migrate-persistence-to-async, Receiver,"QoS=0, Cores=4" , 88700
migrate-persistence-to-async, Receiver,"QoS=0, Cores=4" , 101739
migrate-persistence-to-async, Receiver,"QoS=0, Cores=4" , 91781
migrate-persistence-to-async, Receiver,"QoS=0, Cores=4" , 92820
migrate-persistence-to-async, Receiver,"QoS=0, Cores=4" , 95840
migrate-persistence-to-async, Receiver,"QoS=0, Cores=4" , 96099
migrate-persistence-to-async, Receiver,"QoS=0, Cores=4" , 99800
migrate-persistence-to-async, Sender,"QoS=1, Cores=4" , 58938
migrate-persistence-to-async, Sender,"QoS=1, Cores=4" , 58151
migrate-persistence-to-async, Sender,"QoS=1, Cores=4" , 57966
migrate-persistence-to-async, Sender,"QoS=1, Cores=4" , 58268
migrate-persistence-to-async, Sender,"QoS=1, Cores=4" , 56838
migrate-persistence-to-async, Sender,"QoS=1, Cores=4" , 59598
migrate-persistence-to-async, Sender,"QoS=1, Cores=4" , 60402
migrate-persistence-to-async, Sender,"QoS=1, Cores=4" , 60489
migrate-persistence-to-async, Sender,"QoS=1, Cores=4" , 60016
migrate-persistence-to-async, Sender,"QoS=1, Cores=4" , 61523
migrate-persistence-to-async, Receiver,"QoS=1, Cores=4" , 61448
migrate-persistence-to-async, Receiver,"QoS=1, Cores=4" , 58928
migrate-persistence-to-async, Receiver,"QoS=1, Cores=4" , 58157
migrate-persistence-to-async, Receiver,"QoS=1, Cores=4" , 57969
migrate-persistence-to-async, Receiver,"QoS=1, Cores=4" , 58261
migrate-persistence-to-async, Receiver,"QoS=1, Cores=4" , 56845
migrate-persistence-to-async, Receiver,"QoS=1, Cores=4" , 59595
migrate-persistence-to-async, Receiver,"QoS=1, Cores=4" , 60403
migrate-persistence-to-async, Receiver,"QoS=1, Cores=4" , 60487
migrate-persistence-to-async, Receiver,"QoS=1, Cores=4" , 60020
